Chromosome,Position,Conserved,B
chr3R,1,0.993684
chr3R,10001,0.993684
chr3R,20001,0.993677
chr3R,30001,0.993677
chr3R,40001,0.993671
chr3R,50001,0.993671
chr3R,60001,0.993665
chr3R,70001,0.993665
chr3R,80001,0.993659
chr3R,90001,0.993659
chr3R,100001,0.993652
chr3R,110001,0.993652
chr3R,120001,0.993646
chr3R,130001,0.993646
chr3R,140001,0.993640
chr3R,150001,0.993640
chr3R,160001,0.993633
chr3R,170001,0.993633
chr3R,180001,0.993627
chr3R,190001,0.993627
chr3R,200001,0.993620
chr3R,210001,0.993620
chr3R,220001,0.993614
chr3R,230001,0.993614
chr3R,240001,0.993607
chr3R,250001,0.993607
chr3R,260001,0.993600
chr3R,270001,0.993600
chr3R,280001,0.993594
chr3R,290001,0.993594
chr3R,300001,0.993587
chr3R,310001,0.993587
chr3R,320001,0.993580
chr3R,330001,0.993580
chr3R,340001,0.993572
chr3R,350001,0.993572
chr3R,360001,0.993565
chr3R,370001,0.993564
chr3R,380001,0.993556
chr3R,390001,0.993555
chr3R,400001,0.993544
chr3R,410001,0.993534
chr3R,420001,0.993461
chr3R,430001,0.992516
chr3R,440001,0.993402
chr3R,450001,0.993512
chr3R,460001,0.993511
chr3R,470001,0.993501
chr3R,480001,0.993423
chr3R,490001,0.991693
chr3R,500001,0.993395
chr3R,510001,0.993483
chr3R,520001,0.993488
chr3R,530001,0.993475
chr3R,540001,0.992893
chr3R,550001,0.993420
chr3R,560001,0.993441
chr3R,570001,0.992279
chr3R,580001,0.993195
chr3R,590001,0.993452
chr3R,600001,0.993463
chr3R,610001,0.993464
chr3R,620001,0.993444
chr3R,630001,0.993315
chr3R,640001,0.992218
chr3R,650001,0.993402
chr3R,660001,0.993347
chr3R,670001,0.992174
chr3R,680001,0.993389
chr3R,690001,0.993418
chr3R,700001,0.993118
chr3R,710001,0.993421
chr3R,720001,0.993432
chr3R,730001,0.993436
chr3R,740001,0.993431
chr3R,750001,0.993431
chr3R,760001,0.993424
chr3R,770001,0.993424
chr3R,780001,0.993417
chr3R,790001,0.993416
chr3R,800001,0.993406
chr3R,810001,0.993403
chr3R,820001,0.993388
chr3R,830001,0.993369
chr3R,840001,0.993256
chr3R,850001,0.990843
chr3R,860001,0.993235
chr3R,870001,0.993346
chr3R,880001,0.993354
chr3R,890001,0.993352
chr3R,900001,0.993324
chr3R,910001,0.993218
chr3R,920001,0.989638
chr3R,930001,0.992991
chr3R,940001,0.993290
chr3R,950001,0.993330
chr3R,960001,0.993336
chr3R,970001,0.993342
chr3R,980001,0.993337
chr3R,990001,0.993339
chr3R,1000001,0.993331
chr3R,1010001,0.993330
chr3R,1020001,0.993319
chr3R,1030001,0.993315
chr3R,1040001,0.993297
chr3R,1050001,0.993272
chr3R,1060001,0.993131
chr3R,1070001,0.991293
chr3R,1080001,0.991401
chr3R,1090001,0.993147
chr3R,1100001,0.992426
chr3R,1110001,0.990783
chr3R,1120001,0.992094
chr3R,1130001,0.993200
chr3R,1140001,0.993248
chr3R,1150001,0.993264
chr3R,1160001,0.993262
chr3R,1170001,0.993265
chr3R,1180001,0.993258
chr3R,1190001,0.993258
chr3R,1200001,0.993246
chr3R,1210001,0.993241
chr3R,1220001,0.993223
chr3R,1230001,0.993202
chr3R,1240001,0.993136
chr3R,1250001,0.992825
chr3R,1260001,0.985759
chr3R,1270001,0.992784
chr3R,1280001,0.993108
chr3R,1290001,0.993166
chr3R,1300001,0.993169
chr3R,1310001,0.993164
chr3R,1320001,0.993124
chr3R,1330001,0.992946
chr3R,1340001,0.989520
chr3R,1350001,0.992757
chr3R,1360001,0.986035
chr3R,1370001,0.992166
chr3R,1380001,0.993012
chr3R,1390001,0.993097
chr3R,1400001,0.993106
chr3R,1410001,0.993085
chr3R,1420001,0.992962
chr3R,1430001,0.989488
chr3R,1440001,0.987683
chr3R,1450001,0.992878
chr3R,1460001,0.993060
chr3R,1470001,0.993101
chr3R,1480001,0.993104
chr3R,1490001,0.993091
chr3R,1500001,0.992981
chr3R,1510001,0.989893
chr3R,1520001,0.992876
chr3R,1530001,0.993071
chr3R,1540001,0.993092
chr3R,1550001,0.993094
chr3R,1560001,0.993074
chr3R,1570001,0.993022
chr3R,1580001,0.992512
chr3R,1590001,0.987722
chr3R,1600001,0.992785
chr3R,1610001,0.993023
chr3R,1620001,0.993051
chr3R,1630001,0.993047
chr3R,1640001,0.992426
chr3R,1650001,0.992369
chr3R,1660001,0.993037
chr3R,1670001,0.993050
chr3R,1680001,0.993037
chr3R,1690001,0.993014
chr3R,1700001,0.992941
chr3R,1710001,0.992661
chr3R,1720001,0.982620
chr3R,1730001,0.991943
chr3R,1740001,0.992799
chr3R,1750001,0.992594
chr3R,1760001,0.990226
chr3R,1770001,0.991237
chr3R,1780001,0.992806
chr3R,1790001,0.992987
chr3R,1800001,0.993006
chr3R,1810001,0.993012
chr3R,1820001,0.993009
chr3R,1830001,0.993004
chr3R,1840001,0.992978
chr3R,1850001,0.992878
chr3R,1860001,0.989793
chr3R,1870001,0.992728
chr3R,1880001,0.992946
chr3R,1890001,0.992972
chr3R,1900001,0.992959
chr3R,1910001,0.992889
chr3R,1920001,0.990512
chr3R,1930001,0.992783
chr3R,1940001,0.992940
chr3R,1950001,0.992959
chr3R,1960001,0.992952
chr3R,1970001,0.992930
chr3R,1980001,0.992793
chr3R,1990001,0.989628
chr3R,2000001,0.992746
chr3R,2010001,0.992908
chr3R,2020001,0.992922
chr3R,2030001,0.992906
chr3R,2040001,0.992722
chr3R,2050001,0.990334
chr3R,2060001,0.992837
chr3R,2070001,0.992913
chr3R,2080001,0.992923
chr3R,2090001,0.992924
chr3R,2100001,0.992902
chr3R,2110001,0.992051
chr3R,2120001,0.992720
chr3R,2130001,0.992905
chr3R,2140001,0.992913
chr3R,2150001,0.992918
chr3R,2160001,0.992913
chr3R,2170001,0.992914
chr3R,2180001,0.992908
chr3R,2190001,0.992908
chr3R,2200001,0.992901
chr3R,2210001,0.992901
chr3R,2220001,0.992893
chr3R,2230001,0.992893
chr3R,2240001,0.992886
chr3R,2250001,0.992886
chr3R,2260001,0.992878
chr3R,2270001,0.992878
chr3R,2280001,0.992870
chr3R,2290001,0.992870
chr3R,2300001,0.992861
chr3R,2310001,0.992861
chr3R,2320001,0.992853
chr3R,2330001,0.992853
chr3R,2340001,0.992844
chr3R,2350001,0.992844
chr3R,2360001,0.992835
chr3R,2370001,0.992835
chr3R,2380001,0.992825
chr3R,2390001,0.992825
chr3R,2400001,0.992815
chr3R,2410001,0.992815
chr3R,2420001,0.992803
chr3R,2430001,0.992803
chr3R,2440001,0.992789
chr3R,2450001,0.992787
chr3R,2460001,0.992763
chr3R,2470001,0.992742
chr3R,2480001,0.992658
chr3R,2490001,0.991479
chr3R,2500001,0.992456
chr3R,2510001,0.990983
chr3R,2520001,0.981352
chr3R,2530001,0.992347
chr3R,2540001,0.992589
chr3R,2550001,0.992281
chr3R,2560001,0.992690
chr3R,2570001,0.992719
chr3R,2580001,0.992722
chr3R,2590001,0.992728
chr3R,2600001,0.992723
chr3R,2610001,0.992723
chr3R,2620001,0.992719
chr3R,2630001,0.992719
chr3R,2640001,0.992713
chr3R,2650001,0.992713
chr3R,2660001,0.992706
chr3R,2670001,0.992706
chr3R,2680001,0.992698
chr3R,2690001,0.992698
chr3R,2700001,0.992689
chr3R,2710001,0.992688
chr3R,2720001,0.992678
chr3R,2730001,0.992676
chr3R,2740001,0.992661
chr3R,2750001,0.992644
chr3R,2760001,0.992367
chr3R,2770001,0.991658
chr3R,2780001,0.992615
chr3R,2790001,0.992631
chr3R,2800001,0.992615
chr3R,2810001,0.992575
chr3R,2820001,0.992029
chr3R,2830001,0.990136
chr3R,2840001,0.991886
chr3R,2850001,0.992539
chr3R,2860001,0.992592
chr3R,2870001,0.992605
chr3R,2880001,0.992600
chr3R,2890001,0.992601
chr3R,2900001,0.992589
chr3R,2910001,0.992578
chr3R,2920001,0.992510
chr3R,2930001,0.991357
chr3R,2940001,0.992433
chr3R,2950001,0.992115
chr3R,2960001,0.991543
chr3R,2970001,0.992507
chr3R,2980001,0.992546
chr3R,2990001,0.992555
chr3R,3000001,0.992550
chr3R,3010001,0.992551
chr3R,3020001,0.992541
chr3R,3030001,0.992538
chr3R,3040001,0.992520
chr3R,3050001,0.992483
chr3R,3060001,0.991366
chr3R,3070001,0.991950
chr3R,3080001,0.992384
chr3R,3090001,0.992495
chr3R,3100001,0.992491
chr3R,3110001,0.992446
chr3R,3120001,0.992090
chr3R,3130001,0.992480
chr3R,3140001,0.992480
chr3R,3150001,0.992478
chr3R,3160001,0.992458
chr3R,3170001,0.992383
chr3R,3180001,0.991616
chr3R,3190001,0.991394
chr3R,3200001,0.992419
chr3R,3210001,0.992446
chr3R,3220001,0.992444
chr3R,3230001,0.992448
chr3R,3240001,0.992440
chr3R,3250001,0.992441
chr3R,3260001,0.992431
chr3R,3270001,0.992431
chr3R,3280001,0.992421
chr3R,3290001,0.992421
chr3R,3300001,0.992409
chr3R,3310001,0.992408
chr3R,3320001,0.992394
chr3R,3330001,0.992387
chr3R,3340001,0.992356
chr3R,3350001,0.992228
chr3R,3360001,0.990021
chr3R,3370001,0.992270
chr3R,3380001,0.992342
chr3R,3390001,0.992358
chr3R,3400001,0.992354
chr3R,3410001,0.992357
chr3R,3420001,0.992348
chr3R,3430001,0.992349
chr3R,3440001,0.992340
chr3R,3450001,0.992340
chr3R,3460001,0.992330
chr3R,3470001,0.992330
chr3R,3480001,0.992319
chr3R,3490001,0.992319
chr3R,3500001,0.992309
chr3R,3510001,0.992309
chr3R,3520001,0.992298
chr3R,3530001,0.992298
chr3R,3540001,0.992286
chr3R,3550001,0.992286
chr3R,3560001,0.992275
chr3R,3570001,0.992275
chr3R,3580001,0.992262
chr3R,3590001,0.992261
chr3R,3600001,0.992248
chr3R,3610001,0.992244
chr3R,3620001,0.992223
chr3R,3630001,0.992184
chr3R,3640001,0.990651
chr3R,3650001,0.992051
chr3R,3660001,0.992188
chr3R,3670001,0.992206
chr3R,3680001,0.992199
chr3R,3690001,0.992202
chr3R,3700001,0.992191
chr3R,3710001,0.992192
chr3R,3720001,0.992180
chr3R,3730001,0.992180
chr3R,3740001,0.992168
chr3R,3750001,0.992168
chr3R,3760001,0.992155
chr3R,3770001,0.992155
chr3R,3780001,0.992141
chr3R,3790001,0.992141
chr3R,3800001,0.992127
chr3R,3810001,0.992127
chr3R,3820001,0.992110
chr3R,3830001,0.992110
chr3R,3840001,0.992092
chr3R,3850001,0.992087
chr3R,3860001,0.992064
chr3R,3870001,0.992046
chr3R,3880001,0.991981
chr3R,3890001,0.991497
chr3R,3900001,0.989441
chr3R,3910001,0.987090
chr3R,3920001,0.990841
chr3R,3930001,0.988438
chr3R,3940001,0.991003
chr3R,3950001,0.991914
chr3R,3960001,0.991958
chr3R,3970001,0.991971
chr3R,3980001,0.991952
chr3R,3990001,0.991911
chr3R,4000001,0.991664
chr3R,4010001,0.986985
chr3R,4020001,0.990445
chr3R,4030001,0.990500
chr3R,4040001,0.991013
chr3R,4050001,0.991704
chr3R,4060001,0.991895
chr3R,4070001,0.991911
chr3R,4080001,0.991896
chr3R,4090001,0.991879
chr3R,4100001,0.991823
chr3R,4110001,0.991677
chr3R,4120001,0.990209
chr3R,4130001,0.980630
chr3R,4140001,0.991494
chr3R,4150001,0.991754
chr3R,4160001,0.991795
chr3R,4170001,0.991783
chr3R,4180001,0.990569
chr3R,4190001,0.991643
chr3R,4200001,0.991744
chr3R,4210001,0.991675
chr3R,4220001,0.991326
chr3R,4230001,0.979852
chr3R,4240001,0.987001
chr3R,4250001,0.991473
chr3R,4260001,0.991680
chr3R,4270001,0.991742
chr3R,4280001,0.991752
chr3R,4290001,0.991759
chr3R,4300001,0.991737
chr3R,4310001,0.991587
chr3R,4320001,0.990112
chr3R,4330001,0.990679
chr3R,4340001,0.991304
chr3R,4350001,0.990397
chr3R,4360001,0.991594
chr3R,4370001,0.988775
chr3R,4380001,0.991140
chr3R,4390001,0.991646
chr3R,4400001,0.991468
chr3R,4410001,0.991656
chr3R,4420001,0.991421
chr3R,4430001,0.991639
chr3R,4440001,0.991623
chr3R,4450001,0.990296
chr3R,4460001,0.991321
chr3R,4470001,0.991186
chr3R,4480001,0.991614
chr3R,4490001,0.991622
chr3R,4500001,0.991567
chr3R,4510001,0.990589
chr3R,4520001,0.991493
chr3R,4530001,0.991498
chr3R,4540001,0.990005
chr3R,4550001,0.990772
chr3R,4560001,0.988270
chr3R,4570001,0.991341
chr3R,4580001,0.991269
chr3R,4590001,0.988016
chr3R,4600001,0.982960
chr3R,4610001,0.985444
chr3R,4620001,0.986982
chr3R,4630001,0.991137
chr3R,4640001,0.991202
chr3R,4650001,0.991042
chr3R,4660001,0.989494
chr3R,4670001,0.973760
chr3R,4680001,0.989698
chr3R,4690001,0.979117
chr3R,4700001,0.986580
chr3R,4710001,0.985017
chr3R,4720001,0.977916
chr3R,4730001,0.989799
chr3R,4740001,0.990019
chr3R,4750001,0.982801
chr3R,4760001,0.990336
chr3R,4770001,0.990593
chr3R,4780001,0.975736
chr3R,4790001,0.989423
chr3R,4800001,0.990707
chr3R,4810001,0.981403
chr3R,4820001,0.987790
chr3R,4830001,0.990638
chr3R,4840001,0.991194
chr3R,4850001,0.991267
chr3R,4860001,0.991281
chr3R,4870001,0.991274
chr3R,4880001,0.991213
chr3R,4890001,0.990331
chr3R,4900001,0.987016
chr3R,4910001,0.989028
chr3R,4920001,0.990972
chr3R,4930001,0.991205
chr3R,4940001,0.990369
chr3R,4950001,0.990846
chr3R,4960001,0.991197
chr3R,4970001,0.990614
chr3R,4980001,0.991180
chr3R,4990001,0.991194
chr3R,5000001,0.991101
chr3R,5010001,0.990067
chr3R,5020001,0.986343
chr3R,5030001,0.991028
chr3R,5040001,0.991080
chr3R,5050001,0.991019
chr3R,5060001,0.988823
chr3R,5070001,0.990691
chr3R,5080001,0.989769
chr3R,5090001,0.975805
chr3R,5100001,0.990300
chr3R,5110001,0.989579
chr3R,5120001,0.987614
chr3R,5130001,0.990477
chr3R,5140001,0.981530
chr3R,5150001,0.983075
chr3R,5160001,0.990037
chr3R,5170001,0.986089
chr3R,5180001,0.967411
chr3R,5190001,0.970079
chr3R,5200001,0.982770
chr3R,5210001,0.987687
chr3R,5220001,0.990538
chr3R,5230001,0.990530
chr3R,5240001,0.988070
chr3R,5250001,0.989760
chr3R,5260001,0.990789
chr3R,5270001,0.990733
chr3R,5280001,0.990239
chr3R,5290001,0.979762
chr3R,5300001,0.989323
chr3R,5310001,0.988441
chr3R,5320001,0.977681
chr3R,5330001,0.987544
chr3R,5340001,0.986109
chr3R,5350001,0.978469
chr3R,5360001,0.981268
chr3R,5370001,0.990403
chr3R,5380001,0.990671
chr3R,5390001,0.990735
chr3R,5400001,0.990674
chr3R,5410001,0.989852
chr3R,5420001,0.988044
chr3R,5430001,0.985617
chr3R,5440001,0.986268
chr3R,5450001,0.983604
chr3R,5460001,0.989687
chr3R,5470001,0.988004
chr3R,5480001,0.986230
chr3R,5490001,0.981383
chr3R,5500001,0.987984
chr3R,5510001,0.990381
chr3R,5520001,0.989987
chr3R,5530001,0.989491
chr3R,5540001,0.984651
chr3R,5550001,0.989771
chr3R,5560001,0.990534
chr3R,5570001,0.990591
chr3R,5580001,0.990512
chr3R,5590001,0.990198
chr3R,5600001,0.982159
chr3R,5610001,0.987597
chr3R,5620001,0.990094
chr3R,5630001,0.989327
chr3R,5640001,0.980011
chr3R,5650001,0.974276
chr3R,5660001,0.976946
chr3R,5670001,0.980041
chr3R,5680001,0.984050
chr3R,5690001,0.979943
chr3R,5700001,0.969681
chr3R,5710001,0.985115
chr3R,5720001,0.989340
chr3R,5730001,0.989840
chr3R,5740001,0.989221
chr3R,5750001,0.972321
chr3R,5760001,0.961821
chr3R,5770001,0.979872
chr3R,5780001,0.988131
chr3R,5790001,0.975142
chr3R,5800001,0.989083
chr3R,5810001,0.990105
chr3R,5820001,0.990247
chr3R,5830001,0.990264
chr3R,5840001,0.989582
chr3R,5850001,0.986055
chr3R,5860001,0.989916
chr3R,5870001,0.989598
chr3R,5880001,0.989993
chr3R,5890001,0.990131
chr3R,5900001,0.989901
chr3R,5910001,0.988849
chr3R,5920001,0.962264
chr3R,5930001,0.983295
chr3R,5940001,0.988997
chr3R,5950001,0.981799
chr3R,5960001,0.975578
chr3R,5970001,0.952320
chr3R,5980001,0.982459
chr3R,5990001,0.977547
chr3R,6000001,0.978572
chr3R,6010001,0.970361
chr3R,6020001,0.965674
chr3R,6030001,0.977569
chr3R,6040001,0.979545
chr3R,6050001,0.978579
chr3R,6060001,0.976002
chr3R,6070001,0.971148
chr3R,6080001,0.969983
chr3R,6090001,0.979374
chr3R,6100001,0.989180
chr3R,6110001,0.989409
chr3R,6120001,0.986279
chr3R,6130001,0.983497
chr3R,6140001,0.988714
chr3R,6150001,0.986839
chr3R,6160001,0.988973
chr3R,6170001,0.979113
chr3R,6180001,0.968020
chr3R,6190001,0.984915
chr3R,6200001,0.970295
chr3R,6210001,0.975803
chr3R,6220001,0.983150
chr3R,6230001,0.969659
chr3R,6240001,0.980029
chr3R,6250001,0.969056
chr3R,6260001,0.989063
chr3R,6270001,0.989727
chr3R,6280001,0.989918
chr3R,6290001,0.989994
chr3R,6300001,0.990049
chr3R,6310001,0.990066
chr3R,6320001,0.990088
chr3R,6330001,0.990088
chr3R,6340001,0.990094
chr3R,6350001,0.990094
chr3R,6360001,0.990090
chr3R,6370001,0.990090
chr3R,6380001,0.990079
chr3R,6390001,0.990079
chr3R,6400001,0.990063
chr3R,6410001,0.990063
chr3R,6420001,0.990042
chr3R,6430001,0.990042
chr3R,6440001,0.990016
chr3R,6450001,0.990013
chr3R,6460001,0.989980
chr3R,6470001,0.989970
chr3R,6480001,0.989904
chr3R,6490001,0.989689
chr3R,6500001,0.986705
chr3R,6510001,0.989782
chr3R,6520001,0.989820
chr3R,6530001,0.989840
chr3R,6540001,0.989779
chr3R,6550001,0.989767
chr3R,6560001,0.989671
chr3R,6570001,0.989609
chr3R,6580001,0.989388
chr3R,6590001,0.988581
chr3R,6600001,0.985883
chr3R,6610001,0.959104
chr3R,6620001,0.980724
chr3R,6630001,0.961423
chr3R,6640001,0.968199
chr3R,6650001,0.961184
chr3R,6660001,0.965894
chr3R,6670001,0.958522
chr3R,6680001,0.970736
chr3R,6690001,0.969249
chr3R,6700001,0.971872
chr3R,6710001,0.977507
chr3R,6720001,0.970517
chr3R,6730001,0.968783
chr3R,6740001,0.965541
chr3R,6750001,0.974261
chr3R,6760001,0.974413
chr3R,6770001,0.984363
chr3R,6780001,0.982582
chr3R,6790001,0.987271
chr3R,6800001,0.982205
chr3R,6810001,0.970623
chr3R,6820001,0.986761
chr3R,6830001,0.975047
chr3R,6840001,0.987976
chr3R,6850001,0.987986
chr3R,6860001,0.978838
chr3R,6870001,0.961928
chr3R,6880001,0.959559
chr3R,6890001,0.986776
chr3R,6900001,0.986713
chr3R,6910001,0.984968
chr3R,6920001,0.956681
chr3R,6930001,0.952818
chr3R,6940001,0.978387
chr3R,6950001,0.980773
chr3R,6960001,0.986641
chr3R,6970001,0.964054
chr3R,6980001,0.974446
chr3R,6990001,0.977578
chr3R,7000001,0.976924
chr3R,7010001,0.979556
chr3R,7020001,0.982071
chr3R,7030001,0.975544
chr3R,7040001,0.977686
chr3R,7050001,0.968510
chr3R,7060001,0.976229
chr3R,7070001,0.983750
chr3R,7080001,0.988444
chr3R,7090001,0.988510
chr3R,7100001,0.983700
chr3R,7110001,0.982083
chr3R,7120001,0.963584
chr3R,7130001,0.979049
chr3R,7140001,0.980525
chr3R,7150001,0.968701
chr3R,7160001,0.986359
chr3R,7170001,0.968291
chr3R,7180001,0.964893
chr3R,7190001,0.982372
chr3R,7200001,0.985516
chr3R,7210001,0.985847
chr3R,7220001,0.978224
chr3R,7230001,0.982508
chr3R,7240001,0.980740
chr3R,7250001,0.982173
chr3R,7260001,0.981128
chr3R,7270001,0.960606
chr3R,7280001,0.976111
chr3R,7290001,0.958615
chr3R,7300001,0.982397
chr3R,7310001,0.981833
chr3R,7320001,0.974842
chr3R,7330001,0.956923
chr3R,7340001,0.951550
chr3R,7350001,0.962107
chr3R,7360001,0.972318
chr3R,7370001,0.985166
chr3R,7380001,0.960828
chr3R,7390001,0.967149
chr3R,7400001,0.973042
chr3R,7410001,0.986573
chr3R,7420001,0.979587
chr3R,7430001,0.982771
chr3R,7440001,0.958483
chr3R,7450001,0.975081
chr3R,7460001,0.958962
chr3R,7470001,0.981146
chr3R,7480001,0.972996
chr3R,7490001,0.956260
chr3R,7500001,0.951763
chr3R,7510001,0.953944
chr3R,7520001,0.951348
chr3R,7530001,0.968230
chr3R,7540001,0.984382
chr3R,7550001,0.970874
chr3R,7560001,0.968073
chr3R,7570001,0.944637
chr3R,7580001,0.967281
chr3R,7590001,0.959959
chr3R,7600001,0.983383
chr3R,7610001,0.986691
chr3R,7620001,0.984396
chr3R,7630001,0.971203
chr3R,7640001,0.884863
chr3R,7650001,0.952002
chr3R,7660001,0.959720
chr3R,7670001,0.964124
chr3R,7680001,0.969694
chr3R,7690001,0.981063
chr3R,7700001,0.955447
chr3R,7710001,0.968885
chr3R,7720001,0.979504
chr3R,7730001,0.980106
chr3R,7740001,0.965256
chr3R,7750001,0.986988
chr3R,7760001,0.987385
chr3R,7770001,0.982463
chr3R,7780001,0.973930
chr3R,7790001,0.950794
chr3R,7800001,0.958245
chr3R,7810001,0.963369
chr3R,7820001,0.954999
chr3R,7830001,0.963043
chr3R,7840001,0.974881
chr3R,7850001,0.982392
chr3R,7860001,0.987223
chr3R,7870001,0.987868
chr3R,7880001,0.987779
chr3R,7890001,0.986916
chr3R,7900001,0.974974
chr3R,7910001,0.971247
chr3R,7920001,0.956533
chr3R,7930001,0.947538
chr3R,7940001,0.958683
chr3R,7950001,0.965903
chr3R,7960001,0.958882
chr3R,7970001,0.947246
chr3R,7980001,0.969096
chr3R,7990001,0.968445
chr3R,8000001,0.970374
chr3R,8010001,0.978769
chr3R,8020001,0.986819
chr3R,8030001,0.982737
chr3R,8040001,0.975853
chr3R,8050001,0.969334
chr3R,8060001,0.981634
chr3R,8070001,0.957777
chr3R,8080001,0.963166
chr3R,8090001,0.962769
chr3R,8100001,0.962413
chr3R,8110001,0.965580
chr3R,8120001,0.954690
chr3R,8130001,0.964092
chr3R,8140001,0.970223
chr3R,8150001,0.981966
chr3R,8160001,0.954493
chr3R,8170001,0.964565
chr3R,8180001,0.986234
chr3R,8190001,0.986711
chr3R,8200001,0.979183
chr3R,8210001,0.943789
chr3R,8220001,0.955652
chr3R,8230001,0.975235
chr3R,8240001,0.984832
chr3R,8250001,0.976848
chr3R,8260001,0.967333
chr3R,8270001,0.986357
chr3R,8280001,0.987960
chr3R,8290001,0.988195
chr3R,8300001,0.988265
chr3R,8310001,0.988259
chr3R,8320001,0.988204
chr3R,8330001,0.987977
chr3R,8340001,0.984057
chr3R,8350001,0.979055
chr3R,8360001,0.954591
chr3R,8370001,0.980708
chr3R,8380001,0.979488
chr3R,8390001,0.971518
chr3R,8400001,0.983032
chr3R,8410001,0.985381
chr3R,8420001,0.982961
chr3R,8430001,0.977099
chr3R,8440001,0.964070
chr3R,8450001,0.955616
chr3R,8460001,0.957003
chr3R,8470001,0.961670
chr3R,8480001,0.977286
chr3R,8490001,0.978061
chr3R,8500001,0.987460
chr3R,8510001,0.987611
chr3R,8520001,0.986050
chr3R,8530001,0.987994
chr3R,8540001,0.987761
chr3R,8550001,0.985978
chr3R,8560001,0.978385
chr3R,8570001,0.966093
chr3R,8580001,0.979397
chr3R,8590001,0.975688
chr3R,8600001,0.976427
chr3R,8610001,0.958532
chr3R,8620001,0.954576
chr3R,8630001,0.978748
chr3R,8640001,0.986683
chr3R,8650001,0.984277
chr3R,8660001,0.970232
chr3R,8670001,0.977466
chr3R,8680001,0.979147
chr3R,8690001,0.968060
chr3R,8700001,0.957381
chr3R,8710001,0.963087
chr3R,8720001,0.962730
chr3R,8730001,0.972505
chr3R,8740001,0.984688
chr3R,8750001,0.964740
chr3R,8760001,0.986228
chr3R,8770001,0.987579
chr3R,8780001,0.987403
chr3R,8790001,0.982333
chr3R,8800001,0.987241
chr3R,8810001,0.984948
chr3R,8820001,0.976409
chr3R,8830001,0.978239
chr3R,8840001,0.984552
chr3R,8850001,0.983175
chr3R,8860001,0.971111
chr3R,8870001,0.949132
chr3R,8880001,0.944184
chr3R,8890001,0.945658
chr3R,8900001,0.957892
chr3R,8910001,0.953762
chr3R,8920001,0.949739
chr3R,8930001,0.947566
chr3R,8940001,0.966312
chr3R,8950001,0.970669
chr3R,8960001,0.977582
chr3R,8970001,0.963021
chr3R,8980001,0.984540
chr3R,8990001,0.972703
chr3R,9000001,0.976951
chr3R,9010001,0.972023
chr3R,9020001,0.975632
chr3R,9030001,0.982795
chr3R,9040001,0.960825
chr3R,9050001,0.981919
chr3R,9060001,0.979362
chr3R,9070001,0.975518
chr3R,9080001,0.948131
chr3R,9090001,0.959138
chr3R,9100001,0.945762
chr3R,9110001,0.945652
chr3R,9120001,0.960587
chr3R,9130001,0.968185
chr3R,9140001,0.965724
chr3R,9150001,0.975048
chr3R,9160001,0.957935
chr3R,9170001,0.949005
chr3R,9180001,0.970431
chr3R,9190001,0.977237
chr3R,9200001,0.971129
chr3R,9210001,0.985326
chr3R,9220001,0.981662
chr3R,9230001,0.968095
chr3R,9240001,0.969975
chr3R,9250001,0.959045
chr3R,9260001,0.964976
chr3R,9270001,0.985040
chr3R,9280001,0.967311
chr3R,9290001,0.971040
chr3R,9300001,0.977812
chr3R,9310001,0.975265
chr3R,9320001,0.984592
chr3R,9330001,0.987258
chr3R,9340001,0.982093
chr3R,9350001,0.987134
chr3R,9360001,0.985637
chr3R,9370001,0.976961
chr3R,9380001,0.984317
chr3R,9390001,0.951994
chr3R,9400001,0.978733
chr3R,9410001,0.980371
chr3R,9420001,0.977326
chr3R,9430001,0.971621
chr3R,9440001,0.981799
chr3R,9450001,0.976628
chr3R,9460001,0.983415
chr3R,9470001,0.960325
chr3R,9480001,0.986152
chr3R,9490001,0.986299
chr3R,9500001,0.979809
chr3R,9510001,0.982812
chr3R,9520001,0.972099
chr3R,9530001,0.968995
chr3R,9540001,0.980364
chr3R,9550001,0.982527
chr3R,9560001,0.963553
chr3R,9570001,0.934807
chr3R,9580001,0.947839
chr3R,9590001,0.947232
chr3R,9600001,0.959477
chr3R,9610001,0.975603
chr3R,9620001,0.986725
chr3R,9630001,0.987388
chr3R,9640001,0.987061
chr3R,9650001,0.987650
chr3R,9660001,0.986307
chr3R,9670001,0.987173
chr3R,9680001,0.979981
chr3R,9690001,0.974040
chr3R,9700001,0.973126
chr3R,9710001,0.972530
chr3R,9720001,0.982819
chr3R,9730001,0.987202
chr3R,9740001,0.984817
chr3R,9750001,0.982264
chr3R,9760001,0.967039
chr3R,9770001,0.978741
chr3R,9780001,0.986127
chr3R,9790001,0.977671
chr3R,9800001,0.985320
chr3R,9810001,0.971920
chr3R,9820001,0.948443
chr3R,9830001,0.971927
chr3R,9840001,0.956303
chr3R,9850001,0.963685
chr3R,9860001,0.971459
chr3R,9870001,0.961668
chr3R,9880001,0.956548
chr3R,9890001,0.942361
chr3R,9900001,0.975124
chr3R,9910001,0.965443
chr3R,9920001,0.983869
chr3R,9930001,0.986955
chr3R,9940001,0.987008
chr3R,9950001,0.983801
chr3R,9960001,0.966576
chr3R,9970001,0.971160
chr3R,9980001,0.980166
chr3R,9990001,0.961360
chr3R,10000001,0.984602
chr3R,10010001,0.986470
chr3R,10020001,0.975950
chr3R,10030001,0.962265
chr3R,10040001,0.972356
chr3R,10050001,0.978605
chr3R,10060001,0.955079
chr3R,10070001,0.962823
chr3R,10080001,0.972585
chr3R,10090001,0.961938
chr3R,10100001,0.977305
chr3R,10110001,0.965735
chr3R,10120001,0.968612
chr3R,10130001,0.965242
chr3R,10140001,0.953564
chr3R,10150001,0.971700
chr3R,10160001,0.986071
chr3R,10170001,0.987212
chr3R,10180001,0.987360
chr3R,10190001,0.985850
chr3R,10200001,0.980243
chr3R,10210001,0.985189
chr3R,10220001,0.983461
chr3R,10230001,0.974052
chr3R,10240001,0.964030
chr3R,10250001,0.970259
chr3R,10260001,0.973910
chr3R,10270001,0.970752
chr3R,10280001,0.906281
chr3R,10290001,0.958418
chr3R,10300001,0.959247
chr3R,10310001,0.961992
chr3R,10320001,0.962246
chr3R,10330001,0.970572
chr3R,10340001,0.984240
chr3R,10350001,0.976461
chr3R,10360001,0.978879
chr3R,10370001,0.979181
chr3R,10380001,0.984437
chr3R,10390001,0.986833
chr3R,10400001,0.981104
chr3R,10410001,0.978011
chr3R,10420001,0.971401
chr3R,10430001,0.964315
chr3R,10440001,0.982097
chr3R,10450001,0.978249
chr3R,10460001,0.968814
chr3R,10470001,0.971144
chr3R,10480001,0.965153
chr3R,10490001,0.972995
chr3R,10500001,0.967418
chr3R,10510001,0.977577
chr3R,10520001,0.971041
chr3R,10530001,0.979822
chr3R,10540001,0.987268
chr3R,10550001,0.987450
chr3R,10560001,0.986347
chr3R,10570001,0.987693
chr3R,10580001,0.987636
chr3R,10590001,0.987297
chr3R,10600001,0.984657
chr3R,10610001,0.955895
chr3R,10620001,0.985712
chr3R,10630001,0.974332
chr3R,10640001,0.958675
chr3R,10650001,0.984995
chr3R,10660001,0.987226
chr3R,10670001,0.987448
chr3R,10680001,0.987329
chr3R,10690001,0.986597
chr3R,10700001,0.968217
chr3R,10710001,0.948016
chr3R,10720001,0.971587
chr3R,10730001,0.975854
chr3R,10740001,0.981488
chr3R,10750001,0.975386
chr3R,10760001,0.986542
chr3R,10770001,0.987162
chr3R,10780001,0.986312
chr3R,10790001,0.979031
chr3R,10800001,0.963201
chr3R,10810001,0.958656
chr3R,10820001,0.956337
chr3R,10830001,0.972579
chr3R,10840001,0.965308
chr3R,10850001,0.983641
chr3R,10860001,0.985637
chr3R,10870001,0.966001
chr3R,10880001,0.947965
chr3R,10890001,0.953627
chr3R,10900001,0.976377
chr3R,10910001,0.983392
chr3R,10920001,0.987268
chr3R,10930001,0.986539
chr3R,10940001,0.982874
chr3R,10950001,0.987700
chr3R,10960001,0.987830
chr3R,10970001,0.987702
chr3R,10980001,0.984598
chr3R,10990001,0.982864
chr3R,11000001,0.987818
chr3R,11010001,0.987946
chr3R,11020001,0.987982
chr3R,11030001,0.987996
chr3R,11040001,0.987991
chr3R,11050001,0.987993
chr3R,11060001,0.987960
chr3R,11070001,0.987917
chr3R,11080001,0.987257
chr3R,11090001,0.987407
chr3R,11100001,0.987438
chr3R,11110001,0.985602
chr3R,11120001,0.973171
chr3R,11130001,0.979141
chr3R,11140001,0.972395
chr3R,11150001,0.984643
chr3R,11160001,0.987235
chr3R,11170001,0.987226
chr3R,11180001,0.987025
chr3R,11190001,0.986102
chr3R,11200001,0.969151
chr3R,11210001,0.937169
chr3R,11220001,0.951754
chr3R,11230001,0.967785
chr3R,11240001,0.973782
chr3R,11250001,0.966163
chr3R,11260001,0.970571
chr3R,11270001,0.975194
chr3R,11280001,0.958811
chr3R,11290001,0.965181
chr3R,11300001,0.960199
chr3R,11310001,0.958316
chr3R,11320001,0.976714
chr3R,11330001,0.949828
chr3R,11340001,0.960418
chr3R,11350001,0.964362
chr3R,11360001,0.967864
chr3R,11370001,0.967572
chr3R,11380001,0.969168
chr3R,11390001,0.984873
chr3R,11400001,0.973059
chr3R,11410001,0.976612
chr3R,11420001,0.984957
chr3R,11430001,0.985355
chr3R,11440001,0.978454
chr3R,11450001,0.961746
chr3R,11460001,0.965823
chr3R,11470001,0.980296
chr3R,11480001,0.986799
chr3R,11490001,0.987344
chr3R,11500001,0.985456
chr3R,11510001,0.987166
chr3R,11520001,0.979622
chr3R,11530001,0.986958
chr3R,11540001,0.987467
chr3R,11550001,0.987394
chr3R,11560001,0.986972
chr3R,11570001,0.983025
chr3R,11580001,0.943137
chr3R,11590001,0.976669
chr3R,11600001,0.986117
chr3R,11610001,0.976091
chr3R,11620001,0.966210
chr3R,11630001,0.985654
chr3R,11640001,0.974813
chr3R,11650001,0.981727
chr3R,11660001,0.982305
chr3R,11670001,0.969551
chr3R,11680001,0.970055
chr3R,11690001,0.978331
chr3R,11700001,0.978603
chr3R,11710001,0.986506
chr3R,11720001,0.976224
chr3R,11730001,0.986907
chr3R,11740001,0.987403
chr3R,11750001,0.987428
chr3R,11760001,0.985054
chr3R,11770001,0.984726
chr3R,11780001,0.979253
chr3R,11790001,0.985039
chr3R,11800001,0.984113
chr3R,11810001,0.978416
chr3R,11820001,0.972921
chr3R,11830001,0.981264
chr3R,11840001,0.968594
chr3R,11850001,0.944753
chr3R,11860001,0.960401
chr3R,11870001,0.934589
chr3R,11880001,0.945703
chr3R,11890001,0.957411
chr3R,11900001,0.968407
chr3R,11910001,0.985765
chr3R,11920001,0.986700
chr3R,11930001,0.986844
chr3R,11940001,0.986435
chr3R,11950001,0.984262
chr3R,11960001,0.964703
chr3R,11970001,0.946045
chr3R,11980001,0.956127
chr3R,11990001,0.978432
chr3R,12000001,0.972406
chr3R,12010001,0.983348
chr3R,12020001,0.964706
chr3R,12030001,0.956836
chr3R,12040001,0.966732
chr3R,12050001,0.979664
chr3R,12060001,0.980379
chr3R,12070001,0.985151
chr3R,12080001,0.984870
chr3R,12090001,0.986065
chr3R,12100001,0.986849
chr3R,12110001,0.979950
chr3R,12120001,0.985849
chr3R,12130001,0.981433
chr3R,12140001,0.956836
chr3R,12150001,0.951979
chr3R,12160001,0.962861
chr3R,12170001,0.968624
chr3R,12180001,0.952277
chr3R,12190001,0.946853
chr3R,12200001,0.977855
chr3R,12210001,0.979630
chr3R,12220001,0.980518
chr3R,12230001,0.985170
chr3R,12240001,0.977998
chr3R,12250001,0.972438
chr3R,12260001,0.983774
chr3R,12270001,0.985680
chr3R,12280001,0.984025
chr3R,12290001,0.971266
chr3R,12300001,0.954574
chr3R,12310001,0.955186
chr3R,12320001,0.949490
chr3R,12330001,0.952853
chr3R,12340001,0.951782
chr3R,12350001,0.949830
chr3R,12360001,0.962325
chr3R,12370001,0.957597
chr3R,12380001,0.973266
chr3R,12390001,0.942331
chr3R,12400001,0.972419
chr3R,12410001,0.968024
chr3R,12420001,0.955304
chr3R,12430001,0.965278
chr3R,12440001,0.971346
chr3R,12450001,0.977844
chr3R,12460001,0.966435
chr3R,12470001,0.967748
chr3R,12480001,0.969067
chr3R,12490001,0.976689
chr3R,12500001,0.973732
chr3R,12510001,0.955784
chr3R,12520001,0.976362
chr3R,12530001,0.985674
chr3R,12540001,0.983054
chr3R,12550001,0.969649
chr3R,12560001,0.958344
chr3R,12570001,0.957169
chr3R,12580001,0.959787
chr3R,12590001,0.984715
chr3R,12600001,0.977503
chr3R,12610001,0.975965
chr3R,12620001,0.968489
chr3R,12630001,0.949535
chr3R,12640001,0.974025
chr3R,12650001,0.962525
chr3R,12660001,0.976402
chr3R,12670001,0.956471
chr3R,12680001,0.940158
chr3R,12690001,0.976306
chr3R,12700001,0.984621
chr3R,12710001,0.986719
chr3R,12720001,0.986700
chr3R,12730001,0.985403
chr3R,12740001,0.979797
chr3R,12750001,0.959178
chr3R,12760001,0.976738
chr3R,12770001,0.985993
chr3R,12780001,0.982624
chr3R,12790001,0.983522
chr3R,12800001,0.981763
chr3R,12810001,0.986900
chr3R,12820001,0.986842
chr3R,12830001,0.985062
chr3R,12840001,0.959491
chr3R,12850001,0.978838
chr3R,12860001,0.983135
chr3R,12870001,0.964761
chr3R,12880001,0.977079
chr3R,12890001,0.980512
chr3R,12900001,0.985774
chr3R,12910001,0.976045
chr3R,12920001,0.961246
chr3R,12930001,0.956911
chr3R,12940001,0.945797
chr3R,12950001,0.973406
chr3R,12960001,0.969444
chr3R,12970001,0.977891
chr3R,12980001,0.985426
chr3R,12990001,0.979015
chr3R,13000001,0.952467
chr3R,13010001,0.985901
chr3R,13020001,0.986881
chr3R,13030001,0.987015
chr3R,13040001,0.984061
chr3R,13050001,0.982314
chr3R,13060001,0.982506
chr3R,13070001,0.986136
chr3R,13080001,0.987004
chr3R,13090001,0.986809
chr3R,13100001,0.983544
chr3R,13110001,0.985507
chr3R,13120001,0.969272
chr3R,13130001,0.956818
chr3R,13140001,0.942181
chr3R,13150001,0.951447
chr3R,13160001,0.962850
chr3R,13170001,0.953217
chr3R,13180001,0.958085
chr3R,13190001,0.977752
chr3R,13200001,0.946712
chr3R,13210001,0.958710
chr3R,13220001,0.963380
chr3R,13230001,0.955582
chr3R,13240001,0.971453
chr3R,13250001,0.954634
chr3R,13260001,0.973612
chr3R,13270001,0.980254
chr3R,13280001,0.986221
chr3R,13290001,0.980527
chr3R,13300001,0.982379
chr3R,13310001,0.987017
chr3R,13320001,0.987210
chr3R,13330001,0.987222
chr3R,13340001,0.987106
chr3R,13350001,0.985338
chr3R,13360001,0.986718
chr3R,13370001,0.980710
chr3R,13380001,0.982226
chr3R,13390001,0.946958
chr3R,13400001,0.972572
chr3R,13410001,0.965075
chr3R,13420001,0.968222
chr3R,13430001,0.974019
chr3R,13440001,0.955704
chr3R,13450001,0.951720
chr3R,13460001,0.983389
chr3R,13470001,0.983192
chr3R,13480001,0.971940
chr3R,13490001,0.978300
chr3R,13500001,0.961778
chr3R,13510001,0.956158
chr3R,13520001,0.973370
chr3R,13530001,0.977536
chr3R,13540001,0.974834
chr3R,13550001,0.968028
chr3R,13560001,0.984174
chr3R,13570001,0.979415
chr3R,13580001,0.977061
chr3R,13590001,0.961583
chr3R,13600001,0.979953
chr3R,13610001,0.986400
chr3R,13620001,0.987078
chr3R,13630001,0.987124
chr3R,13640001,0.986934
chr3R,13650001,0.985300
chr3R,13660001,0.957680
chr3R,13670001,0.978542
chr3R,13680001,0.986186
chr3R,13690001,0.981786
chr3R,13700001,0.983102
chr3R,13710001,0.983094
chr3R,13720001,0.985265
chr3R,13730001,0.986875
chr3R,13740001,0.984284
chr3R,13750001,0.971276
chr3R,13760001,0.984725
chr3R,13770001,0.969269
chr3R,13780001,0.983455
chr3R,13790001,0.986018
chr3R,13800001,0.978311
chr3R,13810001,0.971572
chr3R,13820001,0.974867
chr3R,13830001,0.972039
chr3R,13840001,0.959884
chr3R,13850001,0.946956
chr3R,13860001,0.963035
chr3R,13870001,0.942938
chr3R,13880001,0.939461
chr3R,13890001,0.954783
chr3R,13900001,0.965846
chr3R,13910001,0.983159
chr3R,13920001,0.984044
chr3R,13930001,0.985392
chr3R,13940001,0.973788
chr3R,13950001,0.968576
chr3R,13960001,0.967506
chr3R,13970001,0.954592
chr3R,13980001,0.957261
chr3R,13990001,0.984075
chr3R,14000001,0.985782
chr3R,14010001,0.983732
chr3R,14020001,0.985050
chr3R,14030001,0.975110
chr3R,14040001,0.980230
chr3R,14050001,0.975424
chr3R,14060001,0.961453
chr3R,14070001,0.983558
chr3R,14080001,0.985698
chr3R,14090001,0.982132
chr3R,14100001,0.986866
chr3R,14110001,0.986914
chr3R,14120001,0.986706
chr3R,14130001,0.986043
chr3R,14140001,0.974513
chr3R,14150001,0.943429
chr3R,14160001,0.953862
chr3R,14170001,0.961664
chr3R,14180001,0.960026
chr3R,14190001,0.937317
chr3R,14200001,0.968781
chr3R,14210001,0.982428
chr3R,14220001,0.974395
chr3R,14230001,0.954506
chr3R,14240001,0.952937
chr3R,14250001,0.952712
chr3R,14260001,0.966973
chr3R,14270001,0.967658
chr3R,14280001,0.975775
chr3R,14290001,0.972556
chr3R,14300001,0.978430
chr3R,14310001,0.985074
chr3R,14320001,0.975174
chr3R,14330001,0.984246
chr3R,14340001,0.981202
chr3R,14350001,0.960479
chr3R,14360001,0.958379
chr3R,14370001,0.962664
chr3R,14380001,0.977698
chr3R,14390001,0.980602
chr3R,14400001,0.984762
chr3R,14410001,0.973585
chr3R,14420001,0.969413
chr3R,14430001,0.984632
chr3R,14440001,0.984514
chr3R,14450001,0.984499
chr3R,14460001,0.969810
chr3R,14470001,0.985966
chr3R,14480001,0.984984
chr3R,14490001,0.971197
chr3R,14500001,0.946247
chr3R,14510001,0.975630
chr3R,14520001,0.982291
chr3R,14530001,0.985945
chr3R,14540001,0.979530
chr3R,14550001,0.983177
chr3R,14560001,0.983388
chr3R,14570001,0.972767
chr3R,14580001,0.977783
chr3R,14590001,0.944793
chr3R,14600001,0.951165
chr3R,14610001,0.945663
chr3R,14620001,0.977737
chr3R,14630001,0.981152
chr3R,14640001,0.980704
chr3R,14650001,0.977873
chr3R,14660001,0.965553
chr3R,14670001,0.958524
chr3R,14680001,0.981191
chr3R,14690001,0.986451
chr3R,14700001,0.986656
chr3R,14710001,0.984625
chr3R,14720001,0.986461
chr3R,14730001,0.981455
chr3R,14740001,0.966005
chr3R,14750001,0.947348
chr3R,14760001,0.971460
chr3R,14770001,0.972840
chr3R,14780001,0.985182
chr3R,14790001,0.981966
chr3R,14800001,0.982683
chr3R,14810001,0.977568
chr3R,14820001,0.984006
chr3R,14830001,0.979891
chr3R,14840001,0.955880
chr3R,14850001,0.945267
chr3R,14860001,0.942453
chr3R,14870001,0.949810
chr3R,14880001,0.955957
chr3R,14890001,0.979441
chr3R,14900001,0.962307
chr3R,14910001,0.978664
chr3R,14920001,0.984187
chr3R,14930001,0.964963
chr3R,14940001,0.969097
chr3R,14950001,0.973489
chr3R,14960001,0.984050
chr3R,14970001,0.973233
chr3R,14980001,0.976205
chr3R,14990001,0.973750
chr3R,15000001,0.986394
chr3R,15010001,0.985130
chr3R,15020001,0.984907
chr3R,15030001,0.971697
chr3R,15040001,0.981451
chr3R,15050001,0.983508
chr3R,15060001,0.987040
chr3R,15070001,0.987311
chr3R,15080001,0.987357
chr3R,15090001,0.987356
chr3R,15100001,0.987309
chr3R,15110001,0.987187
chr3R,15120001,0.986758
chr3R,15130001,0.978003
chr3R,15140001,0.959007
chr3R,15150001,0.983625
chr3R,15160001,0.986541
chr3R,15170001,0.986194
chr3R,15180001,0.980763
chr3R,15190001,0.978421
chr3R,15200001,0.952474
chr3R,15210001,0.951768
chr3R,15220001,0.972085
chr3R,15230001,0.975104
chr3R,15240001,0.984028
chr3R,15250001,0.963998
chr3R,15260001,0.958496
chr3R,15270001,0.974170
chr3R,15280001,0.979582
chr3R,15290001,0.971802
chr3R,15300001,0.981514
chr3R,15310001,0.948422
chr3R,15320001,0.968159
chr3R,15330001,0.977737
chr3R,15340001,0.985191
chr3R,15350001,0.980347
chr3R,15360001,0.968169
chr3R,15370001,0.968933
chr3R,15380001,0.957981
chr3R,15390001,0.985199
chr3R,15400001,0.985417
chr3R,15410001,0.974900
chr3R,15420001,0.975002
chr3R,15430001,0.986044
chr3R,15440001,0.986246
chr3R,15450001,0.980445
chr3R,15460001,0.955124
chr3R,15470001,0.972926
chr3R,15480001,0.969126
chr3R,15490001,0.979108
chr3R,15500001,0.952853
chr3R,15510001,0.968316
chr3R,15520001,0.960248
chr3R,15530001,0.964946
chr3R,15540001,0.962656
chr3R,15550001,0.977947
chr3R,15560001,0.967282
chr3R,15570001,0.974466
chr3R,15580001,0.986465
chr3R,15590001,0.986965
chr3R,15600001,0.987099
chr3R,15610001,0.986893
chr3R,15620001,0.987031
chr3R,15630001,0.986202
chr3R,15640001,0.986643
chr3R,15650001,0.982383
chr3R,15660001,0.968338
chr3R,15670001,0.975294
chr3R,15680001,0.949137
chr3R,15690001,0.959882
chr3R,15700001,0.982704
chr3R,15710001,0.982405
chr3R,15720001,0.985520
chr3R,15730001,0.966810
chr3R,15740001,0.984976
chr3R,15750001,0.981673
chr3R,15760001,0.936347
chr3R,15770001,0.968255
chr3R,15780001,0.980995
chr3R,15790001,0.986355
chr3R,15800001,0.986109
chr3R,15810001,0.983233
chr3R,15820001,0.977302
chr3R,15830001,0.984764
chr3R,15840001,0.977851
chr3R,15850001,0.969439
chr3R,15860001,0.960559
chr3R,15870001,0.959768
chr3R,15880001,0.978760
chr3R,15890001,0.982258
chr3R,15900001,0.985952
chr3R,15910001,0.985147
chr3R,15920001,0.964978
chr3R,15930001,0.964879
chr3R,15940001,0.957173
chr3R,15950001,0.951809
chr3R,15960001,0.941321
chr3R,15970001,0.930711
chr3R,15980001,0.953091
chr3R,15990001,0.956321
chr3R,16000001,0.953912
chr3R,16010001,0.959708
chr3R,16020001,0.960949
chr3R,16030001,0.981008
chr3R,16040001,0.962346
chr3R,16050001,0.977130
chr3R,16060001,0.984964
chr3R,16070001,0.985400
chr3R,16080001,0.968478
chr3R,16090001,0.978882
chr3R,16100001,0.966887
chr3R,16110001,0.957308
chr3R,16120001,0.970446
chr3R,16130001,0.973550
chr3R,16140001,0.954541
chr3R,16150001,0.977308
chr3R,16160001,0.963409
chr3R,16170001,0.959794
chr3R,16180001,0.962370
chr3R,16190001,0.952716
chr3R,16200001,0.966262
chr3R,16210001,0.983812
chr3R,16220001,0.964147
chr3R,16230001,0.955616
chr3R,16240001,0.967482
chr3R,16250001,0.979730
chr3R,16260001,0.951748
chr3R,16270001,0.933778
chr3R,16280001,0.948161
chr3R,16290001,0.943652
chr3R,16300001,0.979673
chr3R,16310001,0.952597
chr3R,16320001,0.959443
chr3R,16330001,0.975885
chr3R,16340001,0.958566
chr3R,16350001,0.976473
chr3R,16360001,0.959000
chr3R,16370001,0.985310
chr3R,16380001,0.984801
chr3R,16390001,0.985226
chr3R,16400001,0.985800
chr3R,16410001,0.969013
chr3R,16420001,0.973635
chr3R,16430001,0.972645
chr3R,16440001,0.976944
chr3R,16450001,0.986023
chr3R,16460001,0.980916
chr3R,16470001,0.985662
chr3R,16480001,0.974949
chr3R,16490001,0.968050
chr3R,16500001,0.984749
chr3R,16510001,0.985736
chr3R,16520001,0.981673
chr3R,16530001,0.973761
chr3R,16540001,0.985524
chr3R,16550001,0.972677
chr3R,16560001,0.967840
chr3R,16570001,0.969710
chr3R,16580001,0.970152
chr3R,16590001,0.967339
chr3R,16600001,0.983221
chr3R,16610001,0.983572
chr3R,16620001,0.972984
chr3R,16630001,0.965180
chr3R,16640001,0.963457
chr3R,16650001,0.954483
chr3R,16660001,0.983334
chr3R,16670001,0.975489
chr3R,16680001,0.983805
chr3R,16690001,0.977257
chr3R,16700001,0.984214
chr3R,16710001,0.986836
chr3R,16720001,0.986895
chr3R,16730001,0.986365
chr3R,16740001,0.975687
chr3R,16750001,0.960002
chr3R,16760001,0.964217
chr3R,16770001,0.972111
chr3R,16780001,0.970422
chr3R,16790001,0.975337
chr3R,16800001,0.986187
chr3R,16810001,0.982346
chr3R,16820001,0.979231
chr3R,16830001,0.985428
chr3R,16840001,0.976361
chr3R,16850001,0.955633
chr3R,16860001,0.962225
chr3R,16870001,0.967631
chr3R,16880001,0.979744
chr3R,16890001,0.980725
chr3R,16900001,0.981090
chr3R,16910001,0.986555
chr3R,16920001,0.985260
chr3R,16930001,0.981505
chr3R,16940001,0.960445
chr3R,16950001,0.948967
chr3R,16960001,0.982863
chr3R,16970001,0.985798
chr3R,16980001,0.982460
chr3R,16990001,0.965721
chr3R,17000001,0.952255
chr3R,17010001,0.954673
chr3R,17020001,0.959580
chr3R,17030001,0.950871
chr3R,17040001,0.950076
chr3R,17050001,0.948898
chr3R,17060001,0.942327
chr3R,17070001,0.966061
chr3R,17080001,0.978609
chr3R,17090001,0.972715
chr3R,17100001,0.967222
chr3R,17110001,0.973723
chr3R,17120001,0.963968
chr3R,17130001,0.969978
chr3R,17140001,0.984057
chr3R,17150001,0.977647
chr3R,17160001,0.979763
chr3R,17170001,0.986711
chr3R,17180001,0.986498
chr3R,17190001,0.978601
chr3R,17200001,0.985635
chr3R,17210001,0.987267
chr3R,17220001,0.987413
chr3R,17230001,0.987303
chr3R,17240001,0.983333
chr3R,17250001,0.983203
chr3R,17260001,0.987118
chr3R,17270001,0.986589
chr3R,17280001,0.987461
chr3R,17290001,0.987528
chr3R,17300001,0.987504
chr3R,17310001,0.987482
chr3R,17320001,0.987394
chr3R,17330001,0.987251
chr3R,17340001,0.986468
chr3R,17350001,0.977904
chr3R,17360001,0.967393
chr3R,17370001,0.980893
chr3R,17380001,0.986422
chr3R,17390001,0.985898
chr3R,17400001,0.969280
chr3R,17410001,0.957337
chr3R,17420001,0.957407
chr3R,17430001,0.964011
chr3R,17440001,0.970052
chr3R,17450001,0.969716
chr3R,17460001,0.964900
chr3R,17470001,0.970276
chr3R,17480001,0.970113
chr3R,17490001,0.968649
chr3R,17500001,0.974136
chr3R,17510001,0.955976
chr3R,17520001,0.945330
chr3R,17530001,0.961519
chr3R,17540001,0.946123
chr3R,17550001,0.925098
chr3R,17560001,0.950453
chr3R,17570001,0.947611
chr3R,17580001,0.957358
chr3R,17590001,0.961374
chr3R,17600001,0.952601
chr3R,17610001,0.978953
chr3R,17620001,0.985213
chr3R,17630001,0.978788
chr3R,17640001,0.983231
chr3R,17650001,0.981569
chr3R,17660001,0.971121
chr3R,17670001,0.968122
chr3R,17680001,0.969886
chr3R,17690001,0.972861
chr3R,17700001,0.973891
chr3R,17710001,0.983867
chr3R,17720001,0.964423
chr3R,17730001,0.956019
chr3R,17740001,0.947671
chr3R,17750001,0.957530
chr3R,17760001,0.950803
chr3R,17770001,0.952573
chr3R,17780001,0.962291
chr3R,17790001,0.971120
chr3R,17800001,0.980329
chr3R,17810001,0.982990
chr3R,17820001,0.978732
chr3R,17830001,0.980397
chr3R,17840001,0.979986
chr3R,17850001,0.966297
chr3R,17860001,0.957529
chr3R,17870001,0.973219
chr3R,17880001,0.967283
chr3R,17890001,0.978741
chr3R,17900001,0.980657
chr3R,17910001,0.981821
chr3R,17920001,0.976953
chr3R,17930001,0.986875
chr3R,17940001,0.987184
chr3R,17950001,0.982793
chr3R,17960001,0.987090
chr3R,17970001,0.983896
chr3R,17980001,0.985154
chr3R,17990001,0.986548
chr3R,18000001,0.986685
chr3R,18010001,0.982959
chr3R,18020001,0.978130
chr3R,18030001,0.986305
chr3R,18040001,0.972038
chr3R,18050001,0.970119
chr3R,18060001,0.986200
chr3R,18070001,0.986616
chr3R,18080001,0.984375
chr3R,18090001,0.953981
chr3R,18100001,0.962365
chr3R,18110001,0.979299
chr3R,18120001,0.951501
chr3R,18130001,0.956539
chr3R,18140001,0.966255
chr3R,18150001,0.953888
chr3R,18160001,0.956314
chr3R,18170001,0.963211
chr3R,18180001,0.958407
chr3R,18190001,0.982844
chr3R,18200001,0.985169
chr3R,18210001,0.986873
chr3R,18220001,0.986537
chr3R,18230001,0.976115
chr3R,18240001,0.986849
chr3R,18250001,0.987087
chr3R,18260001,0.986537
chr3R,18270001,0.975843
chr3R,18280001,0.941459
chr3R,18290001,0.969178
chr3R,18300001,0.982921
chr3R,18310001,0.986267
chr3R,18320001,0.987388
chr3R,18330001,0.987533
chr3R,18340001,0.987552
chr3R,18350001,0.987518
chr3R,18360001,0.987356
chr3R,18370001,0.986657
chr3R,18380001,0.978121
chr3R,18390001,0.969038
chr3R,18400001,0.961024
chr3R,18410001,0.961792
chr3R,18420001,0.961217
chr3R,18430001,0.973954
chr3R,18440001,0.963739
chr3R,18450001,0.963716
chr3R,18460001,0.968157
chr3R,18470001,0.977291
chr3R,18480001,0.986659
chr3R,18490001,0.986976
chr3R,18500001,0.983790
chr3R,18510001,0.984391
chr3R,18520001,0.976450
chr3R,18530001,0.959641
chr3R,18540001,0.972321
chr3R,18550001,0.966649
chr3R,18560001,0.978702
chr3R,18570001,0.986905
chr3R,18580001,0.987196
chr3R,18590001,0.987054
chr3R,18600001,0.985820
chr3R,18610001,0.967423
chr3R,18620001,0.953967
chr3R,18630001,0.959457
chr3R,18640001,0.977993
chr3R,18650001,0.980413
chr3R,18660001,0.977898
chr3R,18670001,0.978444
chr3R,18680001,0.956377
chr3R,18690001,0.976280
chr3R,18700001,0.949105
chr3R,18710001,0.980781
chr3R,18720001,0.979626
chr3R,18730001,0.982197
chr3R,18740001,0.973447
chr3R,18750001,0.965321
chr3R,18760001,0.978478
chr3R,18770001,0.969625
chr3R,18780001,0.980143
chr3R,18790001,0.953930
chr3R,18800001,0.978984
chr3R,18810001,0.980800
chr3R,18820001,0.960313
chr3R,18830001,0.960801
chr3R,18840001,0.944638
chr3R,18850001,0.959537
chr3R,18860001,0.971371
chr3R,18870001,0.986268
chr3R,18880001,0.987204
chr3R,18890001,0.987255
chr3R,18900001,0.981697
chr3R,18910001,0.979079
chr3R,18920001,0.987357
chr3R,18930001,0.987427
chr3R,18940001,0.986893
chr3R,18950001,0.971010
chr3R,18960001,0.983017
chr3R,18970001,0.958495
chr3R,18980001,0.984557
chr3R,18990001,0.963798
chr3R,19000001,0.968749
chr3R,19010001,0.985669
chr3R,19020001,0.976736
chr3R,19030001,0.982503
chr3R,19040001,0.986967
chr3R,19050001,0.980490
chr3R,19060001,0.979682
chr3R,19070001,0.987295
chr3R,19080001,0.986450
chr3R,19090001,0.974291
chr3R,19100001,0.985187
chr3R,19110001,0.979998
chr3R,19120001,0.970295
chr3R,19130001,0.961078
chr3R,19140001,0.981515
chr3R,19150001,0.973435
chr3R,19160001,0.972370
chr3R,19170001,0.966761
chr3R,19180001,0.986286
chr3R,19190001,0.987258
chr3R,19200001,0.986945
chr3R,19210001,0.981613
chr3R,19220001,0.967486
chr3R,19230001,0.970434
chr3R,19240001,0.969182
chr3R,19250001,0.975464
chr3R,19260001,0.977339
chr3R,19270001,0.969164
chr3R,19280001,0.957897
chr3R,19290001,0.974448
chr3R,19300001,0.960977
chr3R,19310001,0.976629
chr3R,19320001,0.973888
chr3R,19330001,0.981861
chr3R,19340001,0.978280
chr3R,19350001,0.980445
chr3R,19360001,0.955999
chr3R,19370001,0.965348
chr3R,19380001,0.954930
chr3R,19390001,0.962212
chr3R,19400001,0.956311
chr3R,19410001,0.979584
chr3R,19420001,0.973157
chr3R,19430001,0.951402
chr3R,19440001,0.962591
chr3R,19450001,0.968892
chr3R,19460001,0.971681
chr3R,19470001,0.971849
chr3R,19480001,0.963738
chr3R,19490001,0.956446
chr3R,19500001,0.966457
chr3R,19510001,0.969679
chr3R,19520001,0.986278
chr3R,19530001,0.980651
chr3R,19540001,0.985217
chr3R,19550001,0.985595
chr3R,19560001,0.986773
chr3R,19570001,0.986274
chr3R,19580001,0.986106
chr3R,19590001,0.974964
chr3R,19600001,0.986283
chr3R,19610001,0.987856
chr3R,19620001,0.987204
chr3R,19630001,0.984309
chr3R,19640001,0.980856
chr3R,19650001,0.982962
chr3R,19660001,0.968418
chr3R,19670001,0.978221
chr3R,19680001,0.977096
chr3R,19690001,0.981704
chr3R,19700001,0.981714
chr3R,19710001,0.981950
chr3R,19720001,0.987939
chr3R,19730001,0.988197
chr3R,19740001,0.988257
chr3R,19750001,0.988185
chr3R,19760001,0.986168
chr3R,19770001,0.983696
chr3R,19780001,0.984639
chr3R,19790001,0.988095
chr3R,19800001,0.988080
chr3R,19810001,0.985833
chr3R,19820001,0.972684
chr3R,19830001,0.980382
chr3R,19840001,0.986742
chr3R,19850001,0.988099
chr3R,19860001,0.986126
chr3R,19870001,0.982719
chr3R,19880001,0.983937
chr3R,19890001,0.988223
chr3R,19900001,0.988372
chr3R,19910001,0.988383
chr3R,19920001,0.988325
chr3R,19930001,0.987954
chr3R,19940001,0.979280
chr3R,19950001,0.982135
chr3R,19960001,0.987903
chr3R,19970001,0.987700
chr3R,19980001,0.981050
chr3R,19990001,0.987799
chr3R,20000001,0.982386
chr3R,20010001,0.988179
chr3R,20020001,0.988416
chr3R,20030001,0.988466
chr3R,20040001,0.988477
chr3R,20050001,0.988462
chr3R,20060001,0.988371
chr3R,20070001,0.986170
chr3R,20080001,0.988205
chr3R,20090001,0.988158
chr3R,20100001,0.986909
chr3R,20110001,0.967855
chr3R,20120001,0.987476
chr3R,20130001,0.988129
chr3R,20140001,0.986131
chr3R,20150001,0.988206
chr3R,20160001,0.988326
chr3R,20170001,0.988347
chr3R,20180001,0.988269
chr3R,20190001,0.988169
chr3R,20200001,0.987593
chr3R,20210001,0.983976
chr3R,20220001,0.986456
chr3R,20230001,0.967315
chr3R,20240001,0.953970
chr3R,20250001,0.965816
chr3R,20260001,0.949836
chr3R,20270001,0.951799
chr3R,20280001,0.954307
chr3R,20290001,0.982629
chr3R,20300001,0.978395
chr3R,20310001,0.970059
chr3R,20320001,0.944256
chr3R,20330001,0.982270
chr3R,20340001,0.975058
chr3R,20350001,0.983098
chr3R,20360001,0.987800
chr3R,20370001,0.988136
chr3R,20380001,0.988271
chr3R,20390001,0.988320
chr3R,20400001,0.988353
chr3R,20410001,0.988337
chr3R,20420001,0.987839
chr3R,20430001,0.988030
chr3R,20440001,0.988191
chr3R,20450001,0.987267
chr3R,20460001,0.979454
chr3R,20470001,0.976935
chr3R,20480001,0.987624
chr3R,20490001,0.987685
chr3R,20500001,0.981225
chr3R,20510001,0.986008
chr3R,20520001,0.981367
chr3R,20530001,0.973169
chr3R,20540001,0.977072
chr3R,20550001,0.974139
chr3R,20560001,0.972936
chr3R,20570001,0.987009
chr3R,20580001,0.984408
chr3R,20590001,0.984440
chr3R,20600001,0.968058
chr3R,20610001,0.974411
chr3R,20620001,0.938519
chr3R,20630001,0.957629
chr3R,20640001,0.963565
chr3R,20650001,0.971773
chr3R,20660001,0.964431
chr3R,20670001,0.980902
chr3R,20680001,0.981107
chr3R,20690001,0.983907
chr3R,20700001,0.987706
chr3R,20710001,0.987819
chr3R,20720001,0.982927
chr3R,20730001,0.984420
chr3R,20740001,0.983726
chr3R,20750001,0.977429
chr3R,20760001,0.986530
chr3R,20770001,0.965970
chr3R,20780001,0.965030
chr3R,20790001,0.977027
chr3R,20800001,0.987211
chr3R,20810001,0.986645
chr3R,20820001,0.966097
chr3R,20830001,0.983658
chr3R,20840001,0.979105
chr3R,20850001,0.978982
chr3R,20860001,0.981811
chr3R,20870001,0.971643
chr3R,20880001,0.978739
chr3R,20890001,0.984436
chr3R,20900001,0.985434
chr3R,20910001,0.981553
chr3R,20920001,0.981109
chr3R,20930001,0.982943
chr3R,20940001,0.981434
chr3R,20950001,0.981346
chr3R,20960001,0.985786
chr3R,20970001,0.978996
chr3R,20980001,0.951983
chr3R,20990001,0.965883
chr3R,21000001,0.934374
chr3R,21010001,0.955111
chr3R,21020001,0.976679
chr3R,21030001,0.986257
chr3R,21040001,0.984651
chr3R,21050001,0.958876
chr3R,21060001,0.956718
chr3R,21070001,0.980429
chr3R,21080001,0.971558
chr3R,21090001,0.966562
chr3R,21100001,0.979581
chr3R,21110001,0.978394
chr3R,21120001,0.957015
chr3R,21130001,0.968525
chr3R,21140001,0.959033
chr3R,21150001,0.968165
chr3R,21160001,0.960333
chr3R,21170001,0.963708
chr3R,21180001,0.951672
chr3R,21190001,0.968903
chr3R,21200001,0.972773
chr3R,21210001,0.952002
chr3R,21220001,0.974442
chr3R,21230001,0.986755
chr3R,21240001,0.987300
chr3R,21250001,0.986970
chr3R,21260001,0.975716
chr3R,21270001,0.979665
chr3R,21280001,0.956969
chr3R,21290001,0.966907
chr3R,21300001,0.957665
chr3R,21310001,0.945786
chr3R,21320001,0.954554
chr3R,21330001,0.949379
chr3R,21340001,0.957343
chr3R,21350001,0.975135
chr3R,21360001,0.984731
chr3R,21370001,0.986159
chr3R,21380001,0.964045
chr3R,21390001,0.965880
chr3R,21400001,0.985709
chr3R,21410001,0.987257
chr3R,21420001,0.988013
chr3R,21430001,0.988107
chr3R,21440001,0.988138
chr3R,21450001,0.988074
chr3R,21460001,0.987865
chr3R,21470001,0.986458
chr3R,21480001,0.965014
chr3R,21490001,0.978946
chr3R,21500001,0.977096
chr3R,21510001,0.967230
chr3R,21520001,0.979105
chr3R,21530001,0.972524
chr3R,21540001,0.981925
chr3R,21550001,0.967816
chr3R,21560001,0.980574
chr3R,21570001,0.986698
chr3R,21580001,0.980631
chr3R,21590001,0.982391
chr3R,21600001,0.982262
chr3R,21610001,0.970219
chr3R,21620001,0.945816
chr3R,21630001,0.951475
chr3R,21640001,0.981444
chr3R,21650001,0.958201
chr3R,21660001,0.960437
chr3R,21670001,0.960060
chr3R,21680001,0.958153
chr3R,21690001,0.954625
chr3R,21700001,0.984277
chr3R,21710001,0.973253
chr3R,21720001,0.974243
chr3R,21730001,0.987372
chr3R,21740001,0.987759
chr3R,21750001,0.985846
chr3R,21760001,0.975172
chr3R,21770001,0.981269
chr3R,21780001,0.985219
chr3R,21790001,0.973545
chr3R,21800001,0.982755
chr3R,21810001,0.984840
chr3R,21820001,0.945400
chr3R,21830001,0.968192
chr3R,21840001,0.986163
chr3R,21850001,0.986616
chr3R,21860001,0.974401
chr3R,21870001,0.986932
chr3R,21880001,0.983575
chr3R,21890001,0.988132
chr3R,21900001,0.988229
chr3R,21910001,0.988085
chr3R,21920001,0.985353
chr3R,21930001,0.977670
chr3R,21940001,0.974141
chr3R,21950001,0.980408
chr3R,21960001,0.978210
chr3R,21970001,0.962172
chr3R,21980001,0.970362
chr3R,21990001,0.982823
chr3R,22000001,0.985076
chr3R,22010001,0.987876
chr3R,22020001,0.987803
chr3R,22030001,0.983733
chr3R,22040001,0.982300
chr3R,22050001,0.977425
chr3R,22060001,0.970475
chr3R,22070001,0.959231
chr3R,22080001,0.958399
chr3R,22090001,0.951827
chr3R,22100001,0.967371
chr3R,22110001,0.969078
chr3R,22120001,0.960753
chr3R,22130001,0.979322
chr3R,22140001,0.982947
chr3R,22150001,0.986309
chr3R,22160001,0.971920
chr3R,22170001,0.950936
chr3R,22180001,0.955115
chr3R,22190001,0.978402
chr3R,22200001,0.965377
chr3R,22210001,0.959243
chr3R,22220001,0.961358
chr3R,22230001,0.986550
chr3R,22240001,0.987441
chr3R,22250001,0.987708
chr3R,22260001,0.984644
chr3R,22270001,0.986836
chr3R,22280001,0.976173
chr3R,22290001,0.968544
chr3R,22300001,0.981874
chr3R,22310001,0.986673
chr3R,22320001,0.964293
chr3R,22330001,0.970273
chr3R,22340001,0.973788
chr3R,22350001,0.986990
chr3R,22360001,0.987337
chr3R,22370001,0.975107
chr3R,22380001,0.979353
chr3R,22390001,0.978024
chr3R,22400001,0.980440
chr3R,22410001,0.961917
chr3R,22420001,0.946166
chr3R,22430001,0.984706
chr3R,22440001,0.987312
chr3R,22450001,0.987200
chr3R,22460001,0.982298
chr3R,22470001,0.961020
chr3R,22480001,0.940073
chr3R,22490001,0.944677
chr3R,22500001,0.983572
chr3R,22510001,0.987051
chr3R,22520001,0.987539
chr3R,22530001,0.981831
chr3R,22540001,0.982865
chr3R,22550001,0.972124
chr3R,22560001,0.974483
chr3R,22570001,0.987120
chr3R,22580001,0.987266
chr3R,22590001,0.980759
chr3R,22600001,0.957709
chr3R,22610001,0.971848
chr3R,22620001,0.979738
chr3R,22630001,0.955413
chr3R,22640001,0.964144
chr3R,22650001,0.964182
chr3R,22660001,0.973860
chr3R,22670001,0.982827
chr3R,22680001,0.970863
chr3R,22690001,0.964472
chr3R,22700001,0.953660
chr3R,22710001,0.944433
chr3R,22720001,0.961689
chr3R,22730001,0.970153
chr3R,22740001,0.977093
chr3R,22750001,0.976354
chr3R,22760001,0.977814
chr3R,22770001,0.986034
chr3R,22780001,0.982248
chr3R,22790001,0.984414
chr3R,22800001,0.966565
chr3R,22810001,0.966507
chr3R,22820001,0.963512
chr3R,22830001,0.957438
chr3R,22840001,0.960434
chr3R,22850001,0.954046
chr3R,22860001,0.978990
chr3R,22870001,0.964648
chr3R,22880001,0.954144
chr3R,22890001,0.963452
chr3R,22900001,0.982898
chr3R,22910001,0.955579
chr3R,22920001,0.954085
chr3R,22930001,0.957973
chr3R,22940001,0.975992
chr3R,22950001,0.987370
chr3R,22960001,0.987937
chr3R,22970001,0.987257
chr3R,22980001,0.972184
chr3R,22990001,0.984073
chr3R,23000001,0.987675
chr3R,23010001,0.983683
chr3R,23020001,0.988206
chr3R,23030001,0.987757
chr3R,23040001,0.980534
chr3R,23050001,0.979709
chr3R,23060001,0.958595
chr3R,23070001,0.958128
chr3R,23080001,0.970706
chr3R,23090001,0.982184
chr3R,23100001,0.974383
chr3R,23110001,0.987076
chr3R,23120001,0.974781
chr3R,23130001,0.981066
chr3R,23140001,0.974641
chr3R,23150001,0.979286
chr3R,23160001,0.963609
chr3R,23170001,0.983090
chr3R,23180001,0.984159
chr3R,23190001,0.987746
chr3R,23200001,0.987108
chr3R,23210001,0.982868
chr3R,23220001,0.988063
chr3R,23230001,0.983214
chr3R,23240001,0.981054
chr3R,23250001,0.987649
chr3R,23260001,0.982389
chr3R,23270001,0.979375
chr3R,23280001,0.981454
chr3R,23290001,0.987884
chr3R,23300001,0.983641
chr3R,23310001,0.973378
chr3R,23320001,0.957919
chr3R,23330001,0.984729
chr3R,23340001,0.969387
chr3R,23350001,0.970335
chr3R,23360001,0.943177
chr3R,23370001,0.950111
chr3R,23380001,0.957536
chr3R,23390001,0.962938
chr3R,23400001,0.981499
chr3R,23410001,0.980719
chr3R,23420001,0.983999
chr3R,23430001,0.986307
chr3R,23440001,0.983809
chr3R,23450001,0.979126
chr3R,23460001,0.984203
chr3R,23470001,0.974265
chr3R,23480001,0.980162
chr3R,23490001,0.982235
chr3R,23500001,0.984211
chr3R,23510001,0.983215
chr3R,23520001,0.966114
chr3R,23530001,0.975063
chr3R,23540001,0.956289
chr3R,23550001,0.953104
chr3R,23560001,0.967868
chr3R,23570001,0.987185
chr3R,23580001,0.987603
chr3R,23590001,0.977992
chr3R,23600001,0.961341
chr3R,23610001,0.985716
chr3R,23620001,0.988004
chr3R,23630001,0.987329
chr3R,23640001,0.981342
chr3R,23650001,0.979380
chr3R,23660001,0.984089
chr3R,23670001,0.968128
chr3R,23680001,0.963376
chr3R,23690001,0.952925
chr3R,23700001,0.942897
chr3R,23710001,0.979004
chr3R,23720001,0.982632
chr3R,23730001,0.968256
chr3R,23740001,0.979860
chr3R,23750001,0.963624
chr3R,23760001,0.983476
chr3R,23770001,0.987131
chr3R,23780001,0.985197
chr3R,23790001,0.984377
chr3R,23800001,0.963179
chr3R,23810001,0.969945
chr3R,23820001,0.980410
chr3R,23830001,0.968970
chr3R,23840001,0.961265
chr3R,23850001,0.946666
chr3R,23860001,0.962501
chr3R,23870001,0.972328
chr3R,23880001,0.964401
chr3R,23890001,0.948282
chr3R,23900001,0.956050
chr3R,23910001,0.976214
chr3R,23920001,0.970189
chr3R,23930001,0.964168
chr3R,23940001,0.967477
chr3R,23950001,0.949313
chr3R,23960001,0.953551
chr3R,23970001,0.955930
chr3R,23980001,0.960712
chr3R,23990001,0.948751
chr3R,24000001,0.939926
chr3R,24010001,0.950795
chr3R,24020001,0.959921
chr3R,24030001,0.939591
chr3R,24040001,0.952743
chr3R,24050001,0.957905
chr3R,24060001,0.967444
chr3R,24070001,0.964108
chr3R,24080001,0.958180
chr3R,24090001,0.949026
chr3R,24100001,0.942878
chr3R,24110001,0.962076
chr3R,24120001,0.959191
chr3R,24130001,0.965686
chr3R,24140001,0.985828
chr3R,24150001,0.975629
chr3R,24160001,0.972744
chr3R,24170001,0.963723
chr3R,24180001,0.976685
chr3R,24190001,0.949545
chr3R,24200001,0.968853
chr3R,24210001,0.984718
chr3R,24220001,0.986602
chr3R,24230001,0.987743
chr3R,24240001,0.980984
chr3R,24250001,0.966630
chr3R,24260001,0.965999
chr3R,24270001,0.986407
chr3R,24280001,0.978427
chr3R,24290001,0.973889
chr3R,24300001,0.986386
chr3R,24310001,0.981857
chr3R,24320001,0.988214
chr3R,24330001,0.982175
chr3R,24340001,0.982368
chr3R,24350001,0.987145
chr3R,24360001,0.988481
chr3R,24370001,0.982807
chr3R,24380001,0.974993
chr3R,24390001,0.960533
chr3R,24400001,0.959746
chr3R,24410001,0.962395
chr3R,24420001,0.971040
chr3R,24430001,0.981084
chr3R,24440001,0.981708
chr3R,24450001,0.980830
chr3R,24460001,0.987754
chr3R,24470001,0.976777
chr3R,24480001,0.974554
chr3R,24490001,0.967382
chr3R,24500001,0.976990
chr3R,24510001,0.961467
chr3R,24520001,0.960121
chr3R,24530001,0.968689
chr3R,24540001,0.987096
chr3R,24550001,0.980811
chr3R,24560001,0.954020
chr3R,24570001,0.957073
chr3R,24580001,0.984758
chr3R,24590001,0.973309
chr3R,24600001,0.954838
chr3R,24610001,0.971401
chr3R,24620001,0.980330
chr3R,24630001,0.978409
chr3R,24640001,0.979182
chr3R,24650001,0.987198
chr3R,24660001,0.961250
chr3R,24670001,0.972117
chr3R,24680001,0.986614
chr3R,24690001,0.975168
chr3R,24700001,0.983374
chr3R,24710001,0.985173
chr3R,24720001,0.982775
chr3R,24730001,0.988383
chr3R,24740001,0.984840
chr3R,24750001,0.966744
chr3R,24760001,0.963145
chr3R,24770001,0.954623
chr3R,24780001,0.954273
chr3R,24790001,0.972619
chr3R,24800001,0.986592
chr3R,24810001,0.986790
chr3R,24820001,0.988458
chr3R,24830001,0.984498
chr3R,24840001,0.986046
chr3R,24850001,0.988094
chr3R,24860001,0.986209
chr3R,24870001,0.960408
chr3R,24880001,0.965549
chr3R,24890001,0.974428
chr3R,24900001,0.958473
chr3R,24910001,0.953989
chr3R,24920001,0.957218
chr3R,24930001,0.967827
chr3R,24940001,0.963937
chr3R,24950001,0.970839
chr3R,24960001,0.969029
chr3R,24970001,0.967067
chr3R,24980001,0.978930
chr3R,24990001,0.959728
chr3R,25000001,0.985349
chr3R,25010001,0.987491
chr3R,25020001,0.982684
chr3R,25030001,0.979758
chr3R,25040001,0.983973
chr3R,25050001,0.987357
chr3R,25060001,0.982807
chr3R,25070001,0.977162
chr3R,25080001,0.979339
chr3R,25090001,0.977703
chr3R,25100001,0.989399
chr3R,25110001,0.990037
chr3R,25120001,0.989592
chr3R,25130001,0.986755
chr3R,25140001,0.989504
chr3R,25150001,0.990037
chr3R,25160001,0.986074
chr3R,25170001,0.980963
chr3R,25180001,0.972098
chr3R,25190001,0.988946
chr3R,25200001,0.990161
chr3R,25210001,0.990167
chr3R,25220001,0.983376
chr3R,25230001,0.989266
chr3R,25240001,0.982533
chr3R,25250001,0.980326
